{"assets/icons/arrow_left.png":["assets/icons/arrow_left.png"],"assets/icons/arrow_right.png":["assets/icons/arrow_right.png"],"assets/icons/arrow_trans.png":["assets/icons/arrow_trans.png"],"assets/icons/arrow_up.png":["assets/icons/arrow_up.png"],"assets/icons/close.png":["assets/icons/close.png"],"assets/icons/document.png":["assets/icons/document.png"],"assets/icons/en.png":["assets/icons/en.png"],"assets/icons/flutter.png":["assets/icons/flutter.png"],"assets/icons/github.png":["assets/icons/github.png"],"assets/icons/globe.png":["assets/icons/globe.png"],"assets/icons/instagram.png":["assets/icons/instagram.png"],"assets/icons/js-egua.png":["assets/icons/js-egua.png"],"assets/icons/laravel.png":["assets/icons/laravel.png"],"assets/icons/linkedin.png":["assets/icons/linkedin.png"],"assets/icons/menu.png":["assets/icons/menu.png"],"assets/icons/moon.png":["assets/icons/moon.png"],"assets/icons/mysql.png":["assets/icons/mysql.png"],"assets/icons/php.png":["assets/icons/php.png"],"assets/icons/pt_lula.png":["assets/icons/pt_lula.png"],"assets/icons/python.png":["assets/icons/python.png"],"assets/icons/sun.png":["assets/icons/sun.png"],"assets/icons/tailwind.png":["assets/icons/tailwind.png"],"assets/images/cat-code.png":["assets/images/cat-code.png"],"assets/images/cat_code.png":["assets/images/cat_code.png"],"assets/images/code-2.png":["assets/images/code-2.png"],"assets/images/code-3.png":["assets/images/code-3.png"],"assets/images/code.png":["assets/images/code.png"],"assets/images/codetyping.png":["assets/images/codetyping.png"],"assets/images/contact-me.png":["assets/images/contact-me.png"],"assets/images/contact.png":["assets/images/contact.png"],"assets/images/image.png":["assets/images/image.png"],"assets/images/image01.png":["assets/images/image01.png"],"assets/images/image02.png":["assets/images/image02.png"],"assets/images/image03.png":["assets/images/image03.png"],"assets/images/image_project.png":["assets/images/image_project.png"],"assets/images/image_project3.png":["assets/images/image_project3.png"],"assets/images/profile.png":["assets/images/profile.png"],"packages/cupertino_icons/assets/CupertinoIcons.ttf":["packages/cupertino_icons/assets/CupertinoIcons.ttf"]}